{"cameraMode":{"drawMode":0,"name":"Shaded","section":"Shading Mode"},"sceneLighting":true,"audioPlay":false,"sceneViewState":{"showFog":true,"showMaterialUpdate":false,"showSkybox":true,"showFlares":true,"showImageEffects":true,"showParticleSystems":true},"in2DMode":false,"pivot":{"x":-9.025404930114746,"y":0.2977917194366455,"z":38.705196380615237},"rotation":{"x":-0.03171735629439354,"y":0.07399336993694306,"z":-0.002363073406741023,"w":-0.9967724084854126},"size":21.69527244567871,"orthographic":false}